payableDate,itemID,duration,rateApplied,payout,payType,projectName,status
"Sep 20, 2024","66eca6d55f69e6cbfc3e7c10","49m 8s","$19.50","$15.97","prepay","Constellation SFT Math Singleturn","pending"
"Sep 19, 2024","66ec51f6c89c95828437f893","24m 36s","$19.50","$8.00","prepay","Constellation SFT Math Singleturn","pending"
"Sep 19, 2024","66e9198921c00e59b05ee123","24m 4s","$19.50","$7.82","prepay","Constellation SFT Math Singleturn","pending"
"Sep 19, 2024","66ec44d6de56adf529ae4389","24m 23s","$19.50","$7.93","prepay","Constellation SFT Math Singleturn","pending"
"Sep 19, 2024","66ec3908ecca15735f58ff46","24m 5s","$19.50","$7.83","prepay","Constellation SFT Math Singleturn","pending"
"Sep 19, 2024","66ec30903a96ab1b358c871e","24m 9s","$19.50","$7.85","pay","-","pending"
"Sep 19, 2024","66e8d87a8fadd50a5c7f63da","24m 24s","$19.50","$7.93","prepay","Constellation SFT Math Singleturn","pending"
"Sep 19, 2024","66ec223bcc94ca0d04674ab5","24m 5s","$19.50","$7.83","pay","-","pending"
"Sep 19, 2024","66ec1c8fda865227a8bc1b9d","24m 2s","$19.50","$7.82","pay","-","pending"
"Sep 19, 2024","66e89dd36499d2a577676caf","24m 25s","$19.50","$7.94","prepay","Constellation SFT Math Singleturn","pending"
"Sep 19, 2024","66ebfa989d1ac42dfc05bfa6","24m 4s","$19.50","$7.83","prepay","Constellation SFT Math Singleturn","pending"
"Sep 19, 2024","66ebf648212ca9b7ec891b4c","13m 18s","$5.85","$1.30","trainingTask","-","pending"
"Sep 19, 2024","66ebf240ca541845fe45973a","16m 53s","$5.85","$1.65","trainingTask","-","pending"
"Sep 19, 2024","66ebee7ab780503566038172","15m 57s","$5.85","$1.56","trainingTask","-","pending"
"Sep 19, 2024","66ebe8c6f9f2c8f77b8920a7","24m 8s","$5.85","$2.35","trainingTask","-","pending"
"Sep 18, 2024","66ea75d393f3e72977a8dd39","49m 3s","$19.50","$15.95","prepay","Constellation SFT Math Singleturn","pending"
"Sep 18, 2024","66eaea75ab028ba617de6461","49m 4s","$19.50","$15.95","prepay","Constellation SFT Math Singleturn","pending"
"Sep 18, 2024","66ea504411041939f9d469ba","49m 23s","$19.50","$16.05","prepay","Constellation SFT Math Singleturn","pending"
"Sep 18, 2024","66ea1cdd6e6b6c418c0966d8","49m 5s","$19.50","$15.96","prepay","Constellation SFT Math Singleturn","pending"
"Sep 17, 2024","66e9a7dd97bdac55739b4ee8","49m 8s","$19.50","$15.97","prepay","Constellation SFT Math Singleturn","pending"
"Sep 17, 2024","66e8e2b637b7dfd8ef123d02","49m 3s","$19.50","$15.94","pay","-","pending"
"Sep 17, 2024","66e8da4f76d8ab45f937920d","26m 43s","$19.50","$8.69","prepay","Constellation SFT Math Singleturn","pending"