payableDate,itemID,duration,rateApplied,payout,payType,projectName,status
"Sep 16, 2024","66e838199071dcf88a46ee4c","25m ","$19.50","$8.13","prepay","Constellation SFT Math Singleturn","processed"
"Sep 16, 2024","66e838199071dcf88a46ee4c","8s","$5.85","$0.01","overtimePay","Constellation SFT Math Singleturn","processed"
"Sep 16, 2024","66e7c0fd61b2d24e85c9e0e2","49m 12s","$19.50","$15.99","prepay","Constellation SFT Math Singleturn","processed"
"Sep 16, 2024","66e7c213f8cb732e528ae64a","49m 26s","$19.50","$16.07","prepay","Constellation SFT Math Singleturn","processed"
"Sep 16, 2024","66e7b6deeb268ca485f698b6","30m 53s","$19.50","$10.04","prepay","Constellation SFT Math Singleturn","processed"
"Sep 15, 2024","66e7100a3fbaeb9fe5b6262d","50m ","$19.50","$16.25","prepay","Constellation SFT Math Singleturn","processed"
"Sep 15, 2024","66e7100a3fbaeb9fe5b6262d","20s","$5.85","$0.03","overtimePay","Constellation SFT Math Singleturn","processed"
"Sep 14, 2024","66e4a9abdd17abda616b1435","49m 3s","$19.50","$15.94","prepay","Constellation SFT Math Singleturn","processed"
"Sep 14, 2024","66e461b1b329716defb69f0d","49m 22s","$19.50","$16.05","prepay","Constellation SFT Math Singleturn","processed"
"Sep 14, 2024","66e534dc70c35a03c9b6207b","-","-","$60.00","missionReward","-","processed"
"Sep 14, 2024","66e5295ec9b02e8557ab15c9","31m 30s","$5.85","$3.07","trainingTask","-","processed"
"Sep 14, 2024","66e5217366bd2bb36eb4125b","32m 5s","$5.85","$3.13","trainingTask","-","processed"
"Sep 14, 2024","66e514faedc6f1cc8f384d7c","27m 47s","$5.85","$2.71","trainingTask","-","processed"
"Sep 14, 2024","66e5062432446dc8733505de","1h 1m 9s","$5.85","$4.88","trainingTask","-","processed"
"Sep 14, 2024","66e4febb5a6712b4b01fbdae","28m 43s","$5.85","$2.80","trainingTask","-","processed"
"Sep 14, 2024","66e4f1557d417d97a599b087","54m 40s","$5.85","$4.88","trainingTask","-","processed"
"Sep 13, 2024","66e4461753286c94226537a0","54m 44s","$5.85","$4.88","trainingTask","-","processed"
"Sep 13, 2024","66e38fcf7b417d4873b4de83","-","-","$30.00","missionReward","-","processed"
"Sep 12, 2024","66e34f30f57debab6bb1ae66","1h 1m 1s","$25.00","$25.00","prepay","Mover Cuckoo","processed"
"Sep 12, 2024","66e11d6a39821476b068bc92","1h 0m 12s","$25.00","$25.00","prepay","Mover Cuckoo","processed"
"Sep 12, 2024","66e11d69a56ba5e3cf26aa68","1h 22m 7s","$25.00","$25.00","prepay","Mover Cuckoo","processed"
"Sep 12, 2024","66e202a997917449fdb471ba","1h 7m 51s","$25.00","$25.00","prepay","Mover Cuckoo","processed"
"Sep 12, 2024","66e2c4be7c21b98868ff4163","16m 8s","$25.00","$6.73","pay","-","processed"
"Sep 12, 2024","66e2ad2c4807e011d93bb259","13m 54s","$7.50","$1.74","trainingTask","-","processed"
"Sep 12, 2024","66e2a46bf910cf14b0f5c29f","34m 16s","$7.50","$4.29","trainingTask","-","processed"
"Sep 11, 2024","66e1b57c1ea668da2da9d0f0","1h 13m 47s","$7.50","$7.50","trainingTask","-","processed"