payableDate,itemID,duration,rateApplied,payout,payType,projectName,status
"Aug 12, 2024","66b9a3d305d8b945184163c4","43m 12s","$19.50","$14.05","prepay","Article Orangutan","processed"
"Aug 12, 2024","66b99bf28ede3891ef304637","43m 9s","$19.50","$14.03","prepay","Article Orangutan","processed"
"Aug 12, 2024","66b980e2b51c3af4af5dd719","43m 2s","$19.50","$13.99","prepay","Article Orangutan","processed"
"Aug 10, 2024","66b621aafb02ea6df894ac5e","43m 2s","$19.50","$13.99","prepay","Article Orangutan","processed"
"Aug 10, 2024","66b731067819517f45317dd3","43m 10s","$19.50","$14.03","prepay","Article Orangutan","processed"
"Aug 10, 2024","66b719cfcd2321341dca6956","41m 37s","$19.50","$13.53","prepay","Article Orangutan","processed"
"Aug 9, 2024","66b5ec31af458f0d464b1f19","43m 21s","$19.50","$14.09","prepay","Article Orangutan","processed"
"Aug 9, 2024","66b24535765fa8388976044e","41m 30s","$19.50","$13.49","prepay","Article Orangutan","processed"
"Aug 7, 2024","66a774f0e542d78381d95a5a","40m 40s","$19.50","$13.22","prepay","Article Orangutan","processed"
"Aug 7, 2024","66b3b8b1feb0ebdc55dd25ee","-","-","$10.00","missionReward","-","processed"
"Aug 7, 2024","66b399d6a4a51dc01d9b722b","53m 8s","$19.50","$14.63","prepay","Article Orangutan","processed"